{
    "interruptInfo" : [
        {
            "interruptName": "INT_myADCA_1",
            "interruptHandler": "INT_myADCA_1_ISR"
        },
        {
            "interruptName": "INT_myADCB_1",
            "interruptHandler": "INT_myADCB_1_ISR"
        },
        {
            "interruptName": "INT_mySPI0_RX",
            "interruptHandler": "INT_mySPI0_RX_ISR"
        },
        {
            "interruptName": "INT_mySPI0_TX",
            "interruptHandler": "INT_mySPI0_TX_ISR"
        }
    ]
}
