All device pins and their pinmux options
Pin,Name,Selected Mode,0,1,2,3,4,5,6,7,8,9,10,11,12,13,14,15
1,GPIO11,,GPIO11,EPWM6B,SCIRXDB,OUTPUTXBAR7,GPIO11,EQEP1B,SCIRXDB,,GPIO11,,,,GPIO11,,,UPP-STRT
2,VDDIO,VDDIO
3,GPIO12,,GPIO12,EPWM7A,CANTXB,MDXB,GPIO12,EQEP1S,SCITXDC,,GPIO12,,,,GPIO12,,,UPP-ENA
4,GPIO13,,GPIO13,EPWM7B,CANRXB,MDRB,GPIO13,EQEP1I,SCIRXDC,,GPIO13,,,,GPIO13,,,UPP-D7
5,GPIO14,,GPIO14,EPWM8A,SCITXDB,MCLKXB,GPIO14,,OUTPUTXBAR3,,GPIO14,,,,GPIO14,,,UPP-D6
6,GPIO15,,GPIO15,EPWM8B,SCIRXDB,MFSXB,GPIO15,,OUTPUTXBAR4,,GPIO15,,,,GPIO15,,,UPP-D5
7,GPIO16,,GPIO16,SPISIMOA,CANTXB,OUTPUTXBAR7,GPIO16,EPWM9A,,SD1_D1,GPIO16,,,,GPIO16,,,UPP-D4
8,GPIO17,,GPIO17,SPISOMIA,CANRXB,OUTPUTXBAR8,GPIO17,EPWM9B,,SD1_C1,GPIO17,,,,GPIO17,,,UPP-D3
9,GPIO18,,GPIO18,SPICLKA,SCITXDB,CANRXA,GPIO18,EPWM10A,,SD1_D2,GPIO18,,,,GPIO18,,,UPP-D2
10,VDDIO,VDDIO
11,GPIO19,,GPIO19,SPISTEA,SCIRXDB,CANTXA,GPIO19,EPWM10B,,SD1_C2,GPIO19,,,,GPIO19,,,UPP-D1
12,GPIO20,,GPIO20,EQEP1A,MDXA,CANTXB,GPIO20,EPWM11A,,SD1_D3,GPIO20,,,,GPIO20,,,UPP-D0
13,GPIO21,,GPIO21,EQEP1B,MDRA,CANRXB,GPIO21,EPWM11B,,SD1_C3,GPIO21,,,,GPIO21,,,UPP-CLK
14,GPIO99,,GPIO99,,,EM2A1,GPIO99,EQEP1I,,,GPIO99,,,,GPIO99,,,
15,VDDIO,VDDIO
16,VDD,VDD
17,VSSA,VSSA
18,VREFHIC,VREFHIC
19,VREFHIA,VREFHIA
20,ADCINA5,ADCINA5
21,ADCINA4,ADCINA4
22,ADCINA3,ADCINA3
23,ADCINA2,ADCINA2
24,ADCINA1,ADCINA1
25,ADCINA0,ADCINA0
26,ADCIN14,ADCIN14
27,ADCIN15,ADCIN15
28,ADCINB0,ADCINB0
29,ADCINB1,ADCINB1
30,ADCINB2,ADCINB2
31,ADCINB3,ADCINB3
32,ADCINB4,ADCINB4
33,ADCINB5,ADCINB5
34,VREFLOB,VREFLOB
35,VREFLOD,VREFLOD
36,VSSA,VSSA
37,VREFHIB,VREFHIB
38,VDDA,VDDA
39,VDD,VDD
40,VDDIO,VDDIO
41,VDD3VFL,VDD3VFL
42,FLT1,FLT1
43,FLT2,FLT2
44,VDDIO,VDDIO
45,VDD,VDD
46,TDI,TDI
47,TDO,TDO
48,TRSTN,TRSTN
49,TMS,TMS
50,TCK,TCK
51,GPIO41,,GPIO41,,EM1A3,,GPIO41,,SCLB,,GPIO41,,,,GPIO41,,,
52,GPIO58,SPIA_PICO,GPIO58,MCLKRA,EM1D26,EM2D10,GPIO58,OUTPUTXBAR1,SPICLKB,SD2_D2,GPIO58,,,,GPIO58,,,SPISIMOA
53,GPIO59,SPIA_POCI,GPIO59,MFSRA,EM1D25,EM2D9,GPIO59,OUTPUTXBAR2,SPISTEB,SD2_C2,GPIO59,,,,GPIO59,,,SPISOMIA
54,GPIO60,SPIA_CLK,GPIO60,MCLKRB,EM1D24,EM2D8,GPIO60,OUTPUTXBAR3,SPISIMOB,SD2_D3,GPIO60,,,,GPIO60,,,SPICLKA
55,VDDIO,VDDIO
56,GPIO61,SPIA_PTE,GPIO61,MFSRB,EM1D23,EM2D7,GPIO61,OUTPUTXBAR4,SPISOMIB,SD2_C3,GPIO61,,,,GPIO61,,,SPISTEA
57,GPIO62,,GPIO62,SCIRXDC,EM1D22,EM2D6,GPIO62,EQEP3A,CANRXA,SD2_D4,GPIO62,,,,GPIO62,,,
58,GPIO63,,GPIO63,SCITXDC,EM1D21,EM2D5,GPIO63,EQEP3B,CANTXA,SD2_C4,GPIO63,,,,GPIO63,,,SPISIMOB
59,GPIO64,,GPIO64,,EM1D20,EM2D4,GPIO64,EQEP3S,SCIRXDA,,GPIO64,,,,GPIO64,,,SPISOMIB
60,GPIO65,,GPIO65,,EM1D19,EM2D3,GPIO65,EQEP3I,SCITXDA,,GPIO65,,,,GPIO65,,,SPICLKB
61,GPIO66,,GPIO66,,EM1D18,EM2D2,GPIO66,,SDAB,,GPIO66,,,,GPIO66,,,SPISTEB
62,VDDIO,VDDIO
63,VDD,VDD
64,VREGENZ,VREGENZ
65,VDDOSC,VDDOSC
66,X2,X2
67,VSSOSC,VSSOSC
68,X1,X1
69,XRSN,XRSN
70,VDDOSC,VDDOSC
71,VDD,VDD
72,VDDIO,VDDIO
73,GPIO42,,GPIO42,,,,GPIO42,,SDAA,,GPIO42,,,,GPIO42,,,SCITXDA
74,GPIO43,,GPIO43,,,,GPIO43,,SCLA,,GPIO43,,,,GPIO43,,,SCIRXDA
75,GPIO69,,GPIO69,,EM1D15,,GPIO69,,SCLB,,GPIO69,,,,GPIO69,,,SPISIMOC
76,GPIO70,,GPIO70,,EM1D14,,GPIO70,CANRXA,SCITXDB,,GPIO70,,,,GPIO70,,,SPISOMIC
77,GPIO71,,GPIO71,,EM1D13,,GPIO71,CANTXA,SCIRXDB,,GPIO71,,,,GPIO71,,,SPICLKC
78,VDD,VDD
79,VDDIO,VDDIO
80,GPIO72,,GPIO72,,EM1D12,,GPIO72,CANTXB,SCITXDC,,GPIO72,,,,GPIO72,,,SPISTEC
81,GPIO73,,GPIO73,,EM1D11,XCLKOUT,GPIO73,CANRXB,SCIRXDC,,GPIO73,,,,GPIO73,,,
82,GPIO78,,GPIO78,,EM1D6,,GPIO78,,EQEP2A,,GPIO78,,,,GPIO78,,,
83,VDDIO,VDDIO
84,VDD,VDD
85,GPIO84,,GPIO84,,,,GPIO84,SCITXDA,MDXB,,GPIO84,,,,GPIO84,,,MDXA
86,GPIO85,,GPIO85,,EM1D0,,GPIO85,SCIRXDA,MDRB,,GPIO85,,,,GPIO85,,,MDRA
87,GPIO86,,GPIO86,,EM1A13,EM1CAS,GPIO86,SCITXDB,MCLKXB,,GPIO86,,,,GPIO86,,,MCLKXA
88,GPIO87,,GPIO87,,EM1A14,EM1RAS,GPIO87,SCIRXDB,MFSXB,,GPIO87,,,,GPIO87,,,MFSXA
89,VDD,VDD
90,VDDIO,VDDIO
91,GPIO2,EPWM2A,GPIO2,EPWM2A,,,GPIO2,OUTPUTXBAR1,SDAB,,GPIO2,,,,GPIO2,,,
92,GPIO3,EPWM2B,GPIO3,EPWM2B,OUTPUTXBAR2,MCLKRB,GPIO3,OUTPUTXBAR2,SCLB,,GPIO3,,,,GPIO3,,,
93,GPIO4,,GPIO4,EPWM3A,,,GPIO4,OUTPUTXBAR3,CANTXA,,GPIO4,,,,GPIO4,,,
94,VDDIO,VDDIO
95,VDD,VDD
96,GPIO89,,GPIO89,,EM1A16,EM1DQM1,GPIO89,,SCITXDC,,GPIO89,,,,GPIO89,,,
97,GPIO90,,GPIO90,,EM1A17,EM1DQM2,GPIO90,,SCIRXDC,,GPIO90,,,,GPIO90,,,
98,GPIO91,,GPIO91,,EM1A18,EM1DQM3,GPIO91,,SDAA,,GPIO91,,,,GPIO91,,,
99,GPIO92,,GPIO92,,EM1A19,EM1BA1,GPIO92,,SCLA,,GPIO92,,,,GPIO92,,,
100,GPIO10,,GPIO10,EPWM6A,CANRXB,ADCSOCBO,GPIO10,EQEP1A,SCITXDB,,GPIO10,,,,GPIO10,,,UPP-WAIT

